Unnamed: 0,file_name,label
0,train_data/a6dcb93f596a43249135678dfcfc17ea.jpg,1
1,train_data/041be3153810433ab146bc97d5af505c.jpg,0
2,train_data/615df26ce9494e5db2f70e57ce7a3a4f.jpg,1
3,train_data/8542fe161d9147be8e835e50c0de39cd.jpg,0
4,train_data/5d81fa12bc3b4cea8c94a6700a477cf2.jpg,1
5,train_data/25ea852f30594bc5915eb929682af429.jpg,0
6,train_data/e67085fb6d814cbabe08f978c738f3f7.jpg,1
7,train_data/041c36d9269146cdb88e7526e3b91651.jpg,0
8,train_data/4aea3b876247467c8d3713d4920148ab.jpg,1
9,train_data/09708379751e44d0bc908d8652d0db3e.jpg,0
10,train_data/774aeb00dbf44520bf3be78bb600bda9.jpg,1
11,train_data/2275dc00b50f4183812b5c3930365598.jpg,0
12,train_data/dea116642f354126b79d048de24010e3.jpg,1
13,train_data/33a6a93ef8074ef684291557a00a408b.jpg,0
14,train_data/340014208f2e46afb5fb1b0837bf52cf.jpg,1
15,train_data/c098c9452c6748ca8d94134d898da05a.jpg,0
16,train_data/fc9dbe25e2d54014a7fafd53198632f5.jpg,1
17,train_data/91f5e18cdfde4d6b929561f4ec150bbf.jpg,0
18,train_data/a02c596a83164f82b794b1b67ff7bcec.jpg,1
19,train_data/6b1b4ec385c346cdb4b5c6e74837df2b.jpg,0
20,train_data/42b279d1413246e3afeaa551b1502bb8.jpg,1
21,train_data/886e1c69d7074598bc752912a7d73ff3.jpg,0
22,train_data/efe82a7f77a5438bbf4b6027a858b6fd.jpg,1
23,train_data/aad5711935d54a2cbbef72fd87e98faf.jpg,0
24,train_data/0977e3fb55254712a6d62b23582f6ad8.jpg,1
25,train_data/babe7b5ef1a9487493bc2a7ab72c95e9.jpg,0
26,train_data/3789c19a070e46c498bf0f47a2385f06.jpg,1
27,train_data/17ce0c8c6e5e4a86aa14106322120368.jpg,0
28,train_data/2bfceb6a7168446bb4ab367b88461ea5.jpg,1
29,train_data/966dafd3d701447ea3f3a06baa4f30cf.jpg,0
30,train_data/f0fbb4fc010a4516b926ce16a597a896.jpg,1
31,train_data/f4619b8c76e643ae94bcab199dd8aa40.jpg,0
32,train_data/749fb4df38824976bac554371e6cf7d3.jpg,1
33,train_data/cff3e8fe3d794bbdac16ea3e65899203.jpg,0
34,train_data/f8ce720b59f849c2a7d86d36420c591d.jpg,1
35,train_data/dc5d5ae4e4f344078e4c78f75b1de704.jpg,0
36,train_data/08b784a25539430ab4b32586951687d9.jpg,1
37,train_data/d7488b07b60b4b9d966708aea7f584f1.jpg,0
38,train_data/633d642bb7bf4b2caa1cc46e58eade76.jpg,1
39,train_data/f3e6483c3b2e40cdbd38ee2b1cd0960a.jpg,0
40,train_data/13665330566244eaa117ed74711f6005.jpg,1
41,train_data/ab57b4840461487591c5c8f8769567e6.jpg,0
42,train_data/4719f4c5ea464e3da82993ae9a0e280d.jpg,1
43,train_data/0c65a469c285498e9da3b7ac6df9f83c.jpg,0
44,train_data/d2fafb24a46d42738a7208e33b17b8a6.jpg,1
45,train_data/a7a1b223bdfc4ae2adb35b34ea84be98.jpg,0
46,train_data/c52ab42ba0f64a78a30aabac6c97e514.jpg,1
47,train_data/9eb06d268a2d4031917ada5bb49bde22.jpg,0
48,train_data/399d445c49d04ea88e06590c794425a3.jpg,1
49,train_data/b88909d9d4354f00a980410051cbd144.jpg,0
50,train_data/1b838f84e0e1443fb92e4187793f2bd3.jpg,1
51,train_data/78e2a36be4264abbac8129690125b23b.jpg,0
52,train_data/e4a434beb3244a47aa0ffa8cfc84888d.jpg,1
53,train_data/ee1db43f48204b94a66579d6726dcd7b.jpg,0
54,train_data/16bfac23537b4552845604e7665c7a3f.jpg,1
55,train_data/fae8df26a20f4997a23abe340a35a6ef.jpg,0
56,train_data/fb5700dc0568488dadb34415cd32f27e.jpg,1
57,train_data/87bde13422144780bf12dff1aac49788.jpg,0
58,train_data/abc69a9e3a834c82a777a2207f1d8bc8.jpg,1
59,train_data/fe84a0f26e81491a8561e8ec4c21404c.jpg,0
60,train_data/4ffad390a30b460e9a281df22ad2f71e.jpg,1
61,train_data/593c0ecaa5eb479ab72635ed3470e9bf.jpg,0
62,train_data/187c3a952bae46a293824bd38a594356.jpg,1
63,train_data/4b7c8528c9de4f7a82ef6d1cba50a96f.jpg,0
64,train_data/81b113e207f848489ebbbe53ddeceb3c.jpg,1
65,train_data/d14d612d69314b1d8962d7f9db9d1edf.jpg,0
66,train_data/122ec76d8123470b9389b8c0422432af.jpg,1
67,train_data/48e8b84930cc4203b79633b21d96391e.jpg,0
68,train_data/8bea4d620f574219a1f59634039490ac.jpg,1
69,train_data/8a40ab543d974b7f976b769678f5fc9b.jpg,0
70,train_data/a6a5c6f38fb54650999c1bafd6faa6ee.jpg,1
71,train_data/cbde416decb448258c152c553b82dd74.jpg,0
72,train_data/10fb5b10fce04cd4b91ea106da66277c.jpg,1
73,train_data/e7580cdf371f42ada072c7651967ccfb.jpg,0
74,train_data/4776adc574a1439f9623ade3b3c168c5.jpg,1
75,train_data/6aeb8c04e3094648a8f80ee1d62e587c.jpg,0
76,train_data/28b939c6c1b745a491a197b5d751bdb6.jpg,1
77,train_data/d4d7bf95451444fa9320ce9025358ccc.jpg,0
78,train_data/2c6a13224ac543a2ae05a57508446a16.jpg,1
79,train_data/9ab27ebe70e34ea3bd885f7debd010bc.jpg,0
80,train_data/e3556c1820be43338907edc356911a54.jpg,1
81,train_data/da86e2b864a34647baf80f1f6789cc01.jpg,0
82,train_data/9bc45f607c1b493c8c0e3f4deafd4c6c.jpg,1
83,train_data/b75c7c639933454ba7697fc361bac393.jpg,0
84,train_data/5f446d1f61354e46982e2aaa0995e7c6.jpg,1
85,train_data/744167f551974a21bfeb172234565857.jpg,0
86,train_data/797d315c0fb349a49dee7893b96e4c01.jpg,1
87,train_data/72a3082bf64d45d58c2a59d7568b4f9c.jpg,0
88,train_data/052b35a453a1420b9cb11256ccb5c458.jpg,1
89,train_data/862cfe50421946e1940287457c410010.jpg,0
90,train_data/162e3016a6d54b278c360420a237de19.jpg,1
91,train_data/815cd991920148fdaabac6c1fdac0330.jpg,0
92,train_data/658805f0e90e4b558341f9afce1b8de4.jpg,1
93,train_data/02f63bf8a7ce48e2a78e53f557e0fe70.jpg,0
94,train_data/31b9ebfd85a24b079f5a446e2d3bfb5b.jpg,1
95,train_data/f58f719bc0cf4bd0b314281faf935fac.jpg,0
96,train_data/f9fb418bbec0414daf14ca1a620232f5.jpg,1
97,train_data/413f5ebbfd0441f59f5869c0b79b9910.jpg,0
98,train_data/58aac4d78a184ccdb2117ef4315260fe.jpg,1
99,train_data/9430aab4e74a4dd6bf2b8ee85e9d2039.jpg,0
100,train_data/0e08f3d172084602a15ec39705833084.jpg,1
101,train_data/038c677fc1d34964886764780cc530d2.jpg,0
102,train_data/10cf02b2f1af48378b6d02374b87ba4b.jpg,1
103,train_data/c51918420b5b4f7a86fdaea3bce15337.jpg,0
104,train_data/f9e6e379e2914c989961d47528236c64.jpg,1
105,train_data/658ed7fec3f245d3a7bc7444deec76f5.jpg,0
106,train_data/1213995aa8e44b02928caea9dc08e975.jpg,1
107,train_data/dea814be24d74f42b93f97e445145563.jpg,0
108,train_data/a800f49570cb4d50af59352b9b911d66.jpg,1
109,train_data/f53f19a1036d4b82b7ba68b7a961ba50.jpg,0
110,train_data/079415d92159476f8b0309f402c3f073.jpg,1
111,train_data/e3fc6bf9c37644fabcc1103be0f773c1.jpg,0
112,train_data/463c5d7391a248939fca0eea536fce34.jpg,1
113,train_data/d2783fee800b4db7a069cd9bc097b7e3.jpg,0
114,train_data/ac80f60e1bde49f5b3b224989f206efa.jpg,1
115,train_data/18ee6ef6ede340cfa104b90e6b3f723d.jpg,0
116,train_data/88e676eecc7140e694f9ab3fac39cae9.jpg,1
117,train_data/1319a5f19d0641278161b0a896bba18d.jpg,0
118,train_data/a0520427f8cc444eba6e4846512b1281.jpg,1
119,train_data/65458834ad794d79b11a53cb45c4a2b2.jpg,0
120,train_data/9a457c62bcbe456ba164518a77412c1a.jpg,1
121,train_data/4a9ae2d34cf04621b649813dc17eac05.jpg,0
122,train_data/c7da2052da16433ba12317590f1dad65.jpg,1
123,train_data/01e5b510cd914feba6a1e43f9408417d.jpg,0
124,train_data/4ce93b8efdee41c5a19d7478e63d0862.jpg,1
125,train_data/a8bf1471ba5e4e3e8fb52c1d218f0acd.jpg,0
126,train_data/056c50d0deb143fab54c59548d02ca9f.jpg,1
127,train_data/552f1c9656204da296c808bbaa969bf6.jpg,0
128,train_data/c620a5672fc94a65b1e120137acc8f2e.jpg,1
129,train_data/c7d8c8b9a6eb42d9bbab4e31e8cf59f4.jpg,0
130,train_data/d46c559b915b4208a270cd33a848aea6.jpg,1
131,train_data/d6256f83482a47c98ed73f1156410833.jpg,0
132,train_data/d54e75b54e8e42c5b5bc4a728da158cf.jpg,1
133,train_data/e515a00feeab4594a6c7d8ab46e87d3b.jpg,0
134,train_data/f2ab48f7aec74188917f556d99966d19.jpg,1
135,train_data/4a23395250454ec79d6cc587934f5652.jpg,0
136,train_data/1fc65786ddfa4a55bbcd44ea717c2154.jpg,1
137,train_data/d5c51250043b49e4ba0c4dcfe3e62ea2.jpg,0
138,train_data/3f296210999244b98509ff54714518b7.jpg,1
139,train_data/3119d7bfcb7546feaa870d820cbc4790.jpg,0
140,train_data/9f4dfdefb90c4c84bbfe26e5f45a9bfd.jpg,1
141,train_data/5e39a87e7bcf4672827ab13b65b94e90.jpg,0
142,train_data/ea3c9c0fca6f487ead9402a39c7c4d81.jpg,1
143,train_data/3d2db4de479b4c6596908bc37e1ae7fb.jpg,0
144,train_data/8840ad408f49448a9389d2f65c856d53.jpg,1
145,train_data/702104c0b5b948f4b8e89ecd79f5894f.jpg,0
146,train_data/1fc73e8bc69842668a27f23ed65b5024.jpg,1
147,train_data/dfaf72b00472434897b927a7e401f91a.jpg,0
148,train_data/672a8361175d4376a35c8c0704a2c155.jpg,1
149,train_data/d556bbe4bcfc4a17a47fe0c8950a318a.jpg,0
150,train_data/d889ffe8fe914d16adac077d2dfdeaa3.jpg,1
151,train_data/c6ff8e87a5ca4e5096ed9087bee1cac9.jpg,0
152,train_data/fb68d74f7ddf46d08c09bdf2d4851b35.jpg,1
153,train_data/2b73e169a6694594950c90b9a14674b4.jpg,0
154,train_data/0ff2d0acb8dd4ec0b61b5b3b1aae766a.jpg,1
155,train_data/650f7be1f0b1434cafd3676c4ea2ec8c.jpg,0
156,train_data/5d37b6bfe7d34ba48cdb9a20a3952e6b.jpg,1
157,train_data/4bfdbe05b565491db118175412936392.jpg,0
158,train_data/4ca0118c4e6d4fca879f9305b06bb934.jpg,1
159,train_data/8fe559068f6445358989239200259b0c.jpg,0
160,train_data/75e5b36ad7464dc0a050d19ab75fd973.jpg,1
161,train_data/ddd5b22a4409416dbe4a8229eaa760a5.jpg,0
162,train_data/6285e9ff4a2d46f5acbe35326869f7b8.jpg,1
163,train_data/c6cf8a1412164ffbacc4f9220e781864.jpg,0
164,train_data/6c41de6f9a474703b3500cd58a6c1a96.jpg,1
165,train_data/54e75dcc51d24e96988872db573c32a5.jpg,0
166,train_data/39132bcd929c40b99c0915421e330489.jpg,1
167,train_data/00a1c6c39f034eb689aa830470acbcb2.jpg,0
168,train_data/be13b004f3dc45d18cc8c073f5fa461d.jpg,1
169,train_data/97c48eeb3e1d4ee28e47886d869a5299.jpg,0
170,train_data/adb6b792b4d446e1814c74a5eff42d07.jpg,1
171,train_data/4a9996546a3640c5b337ff9f98cbde0a.jpg,0
172,train_data/3d6607861b544ec6866bcef81c65804f.jpg,1
173,train_data/90442cac5209414bbb92e898534f677c.jpg,0
174,train_data/8a126a12dc68424b8b20c72c9ef5db74.jpg,1
175,train_data/4d9274765ff14dca94b3bd7f9e257706.jpg,0
176,train_data/25d98a8633c34fd48e3f26e871d791af.jpg,1
177,train_data/dacfb8a6442c4509be9c00a956f6a1a6.jpg,0
178,train_data/2cae42eba4864c27b6c57590ce05b7b2.jpg,1
179,train_data/eddff4b4b11a43fba7ae68625752d226.jpg,0
180,train_data/48afd48949a546448fb338887c1a5d6c.jpg,1
181,train_data/5a88f7c74f024558b3846075762eb160.jpg,0
182,train_data/a46a580c07794c398e4011ae6bdb200a.jpg,1
183,train_data/d5a6f65fd3c44d598666f39c1f5d4526.jpg,0
184,train_data/ff6b1ab5320c4f1587a8bd110b16463b.jpg,1
185,train_data/cc2810bda2c340229292d05e9e3571ad.jpg,0
186,train_data/37743a8f04e1441db7ffcbb3c0ba9ede.jpg,1
187,train_data/d84f83cc54a141c0a03ac4f344da6753.jpg,0
188,train_data/b4231b9da8844b02a17e5effdc7b8182.jpg,1
189,train_data/c80cd36ed5d0406e9a665fb352720ff3.jpg,0
190,train_data/100ca897d18048eda8a69c49fa7ea9bf.jpg,1
191,train_data/3ed43c950f974758a793d1d8c2a70713.jpg,0
192,train_data/aa4989e67d1f4fff8c133672c3f0a93e.jpg,1
193,train_data/42ab6a6cab9847fba19c6ccfd33f71e5.jpg,0
194,train_data/572f8961e7664458abffec28a9206ea1.jpg,1
195,train_data/e64403979d084e34984fa07b41361937.jpg,0
196,train_data/55039a3a41074689b51845297ea0f8b5.jpg,1
197,train_data/e9536d9f389a4c15b737198acdf1d72c.jpg,0
198,train_data/ca52eb6039c84be0b31b507935be2d47.jpg,1
199,train_data/e904c74593c34d70ae631a9ad9aa7ba4.jpg,0
200,train_data/8d5afb656a9441aca68f186d6abd8555.jpg,1
201,train_data/996f5240cfb44fc8afa3daae06ae21d9.jpg,0
202,train_data/f330d3f6998f4c45beb3c63e50acbd64.jpg,1
203,train_data/8fc47bc4b7144160a9b20ea8cbf87e78.jpg,0
204,train_data/9064f320c8e94c96bf7693318639fa75.jpg,1
205,train_data/69118e6680a34c3cb08d9dc484d5de9e.jpg,0
206,train_data/e3405e327c8249d9b981ba5afeb950b6.jpg,1
207,train_data/ac25f092a83f47ac8529fe6bbbdaa2eb.jpg,0
208,train_data/a8e571f9a58446d4a78ca5cdefe1968e.jpg,1
209,train_data/bb3835e6043c4c6b8df48450f3c611fd.jpg,0
210,train_data/e5a66d2bb65c4f92be67f0eb93e3a846.jpg,1
211,train_data/89275abe83e24396b85b6777300aa12c.jpg,0
212,train_data/a2060c4ce0de42668a1df66af2f0feaf.jpg,1
213,train_data/b6495bfd94ea46cda7fed96a78884959.jpg,0
214,train_data/0d8de498978d4cc1918f1f246112dbd8.jpg,1
215,train_data/93b09cb5e53e45b89d00429b759f7048.jpg,0
216,train_data/5df7c67bf9674d019b4fb56b5f29276b.jpg,1
217,train_data/375c6695c7bd47d8bc15dd91c3302f43.jpg,0
218,train_data/c4c8317d57474db9be627f5e45cc241f.jpg,1
219,train_data/26ec27ea4a4e4b85859d3388e215c97d.jpg,0
220,train_data/efe9f8cbfa8641fbaa65e26556d2ce66.jpg,1
221,train_data/7e073e935df042dea6f2d8852b76217b.jpg,0
222,train_data/9610cbd8f276441fbf1f44c3934caf3c.jpg,1
223,train_data/fa36e5ba8e9b442c837fc84e7f343325.jpg,0
224,train_data/d1dcc9a14ba54dcf8bc5858fef841c36.jpg,1
225,train_data/71353952d377415aa421969f07537aee.jpg,0
226,train_data/8f9dfdcaa5e944b4a5348785a2ebe99b.jpg,1
227,train_data/e76e68d0adb841eda9dcf5e918f29cf9.jpg,0
228,train_data/c58afc058491482983741b161a311b88.jpg,1
229,train_data/00e785bd9bf84e6fbf85f76b69ccd09c.jpg,0
230,train_data/647bd2ebf0f749818fc1081e6d032c1d.jpg,1
231,train_data/cd8951e8952a45f49626b9106f279820.jpg,0
232,train_data/9780798c20c94d609dd10b531999da20.jpg,1
233,train_data/94495a680e104e72abf9c90922a3f4c3.jpg,0
234,train_data/fe2798ac71eb418db6a672ba5c3e511d.jpg,1
235,train_data/1a7af0691f3f4c8f849d6aa84e09d1fc.jpg,0
236,train_data/d9b86d51ed024720bab18c5c2b4deefe.jpg,1
237,train_data/6ef039fa8e1141b896a2727c18183705.jpg,0
238,train_data/28c3e006931c42e197c419430cf88d63.jpg,1
239,train_data/2e899be7a5d04b05a7b2ae5cd8f996f1.jpg,0
240,train_data/5d39bb26bb964a4ba19a6ab1a8314bd4.jpg,1
241,train_data/198431f639e247cd9e78a35d78d374ef.jpg,0
242,train_data/f95742714d134b50a5903e768cb3287d.jpg,1
243,train_data/62d727549a634fadbe9fe7d1bb9e7bed.jpg,0
244,train_data/ad85793e52004167acf2382d90d1de62.jpg,1
245,train_data/390563601dec46d59b947baea5c15dc6.jpg,0
246,train_data/b8a87fe02fea4d04bb9add24b449fdb0.jpg,1
247,train_data/22bbbce08b8c47f5a3343f003b1b0e29.jpg,0
248,train_data/33c7c53a3dca4fdd9c3df0061a170bf5.jpg,1
249,train_data/f0bb3165588748b282108914957fc9b4.jpg,0
250,train_data/a16ddb1db4084ecd8480e7b3c35f5f54.jpg,1
251,train_data/cd602aa04f12498db1a28cb17765fd74.jpg,0
252,train_data/ab4f751e88ba4621a5cd034a417ef12d.jpg,1
253,train_data/402fdff65e6b401dab0e8bd16c869d7e.jpg,0
254,train_data/b710b925950e40efa75b78f028c03f12.jpg,1
255,train_data/7c530e9b77c5481fa57e51ff28b7afbb.jpg,0
256,train_data/7abd152cb1d44e9ebf0c2648045a77bf.jpg,1
257,train_data/0ba807cce40c40cb86c7c7c07dc28b5c.jpg,0
258,train_data/510ef13d517a4d44ba5a239421f45ec2.jpg,1
259,train_data/f814fe31f662437283a80a6560041141.jpg,0
260,train_data/6717a9bdadc24d4c96e88ee24f2329ef.jpg,1
261,train_data/d8b49c1c9aae4a988d786672b7affaef.jpg,0
262,train_data/6b1e32ddf0494b038c623d2227437f36.jpg,1
263,train_data/428f12559cd44825b4cf739a76940a89.jpg,0
264,train_data/0161b0da1b0145f59a97266722723ed4.jpg,1
265,train_data/a11e6ce8c03e4347b16fa7412a27906b.jpg,0
266,train_data/984533c09628453bb3c19f4610a82f7f.jpg,1
267,train_data/d53a19abc87e42b78115e62fda9e9909.jpg,0
268,train_data/ee73d712820b4bed9ae84f7b5043e454.jpg,1
269,train_data/b5f38e0ec86844c0a3068cd13ea94080.jpg,0
270,train_data/d44c775e431243b2920044b16ae45a45.jpg,1
271,train_data/b9a54d88b1a74584bcbfc2f5b8281e75.jpg,0
272,train_data/fd4f15080fd44f91bcea226004c87525.jpg,1
273,train_data/4c79247e2e7c463fa4f14fc940f1664e.jpg,0
274,train_data/ecbcd023a14540ed836a70ff086c2c89.jpg,1
275,train_data/b819533507d5492f8795ccec67a9d40c.jpg,0
276,train_data/994035b0903b4c8e8f6d3af4d7e2f6ad.jpg,1
277,train_data/8adc7c389b9f42ddabc129f2963e1012.jpg,0
278,train_data/2c350fe54675458db09746b896486095.jpg,1
279,train_data/bffefd1629ab4e38a6b0c4095b870b6f.jpg,0
280,train_data/73ada4e2461049df8e0ac758fa678ce3.jpg,1
281,train_data/9cb257154f7540c599a81f86520bfc6c.jpg,0
282,train_data/310ff6629e3c44e4b90f82dc25871d80.jpg,1
283,train_data/c42dc13b36ae430cb52627a445ecd014.jpg,0
284,train_data/7ca2a0e8b05442e7b10fb8cf001bf834.jpg,1
285,train_data/a6ba5edb84684b87ba07e804ba99e737.jpg,0
286,train_data/101957296913490c95409b6ac6734405.jpg,1
287,train_data/8992456376f743a7aab0a4275ad630b1.jpg,0
288,train_data/7283059af12c4ff383cc4a13ac4fd046.jpg,1
289,train_data/d777ef1d711a49f6b5e7c124ea50d674.jpg,0
290,train_data/d9553d260c5e4704ac559c0ede477285.jpg,1
291,train_data/40cc0da64f6946af9b189de40a2dc307.jpg,0
292,train_data/beceeb7570e94b8796586447e9c8aed7.jpg,1
293,train_data/f8d8b3722c9849b599659c28a167ee12.jpg,0
294,train_data/223d7fa3c3bf46018a093113ef6e0802.jpg,1
295,train_data/f4af9426f0524ae18a31d953eea88d0b.jpg,0
296,train_data/7d4c647ac52747e7a31b5d2c748adcc7.jpg,1
297,train_data/4414200488414347933124425930d556.jpg,0
298,train_data/315b38834eb9442badd96079a6911e78.jpg,1
299,train_data/6f293888d3c94a67afbbc42488b61e95.jpg,0
300,train_data/269695ec7cea418ebdd9d6ab48917898.jpg,1
301,train_data/8dc74d26b8a74439ae2de41c67797506.jpg,0
302,train_data/baa221d6fd624c13a0a4ded4b57a5e71.jpg,1
303,train_data/3cf07426bc6c406da2163db68315c228.jpg,0
304,train_data/18eec65b2e6c4c568803d598117174c9.jpg,1
305,train_data/39aac604525145faa53b478a1a5de77c.jpg,0
306,train_data/f24f0b92f07048919050508aedbde55c.jpg,1
307,train_data/2bae8c0b899c432798810508bb4b637e.jpg,0
308,train_data/c98026afb9044618b9e6c4e004e50c96.jpg,1
309,train_data/ff320367c6f1461683734b7efdeecf2f.jpg,0
310,train_data/8e088bd79980472896ca9251eb5b34bd.jpg,1
311,train_data/e69331aa5b2a4cbea16b470d2f7aef6f.jpg,0
312,train_data/2bf4f2cf300f47a8a95e141b13c7e57a.jpg,1
313,train_data/37e66d1c34f447b9b234a65aa57a7e0c.jpg,0
314,train_data/9c77a979b2284c2bb875c05f8601264c.jpg,1
315,train_data/87ad8d3469604812ade168d2950b156c.jpg,0
316,train_data/5094d090812b48ecb030e0ef77fa95e6.jpg,1
317,train_data/147aa95fce6942f198dddd9e6feb1ee8.jpg,0
318,train_data/c04b6cc7a06f4aebb4faafd01318899a.jpg,1
319,train_data/3a8354d66b41426f831e9788a8c612c4.jpg,0
320,train_data/908ac0fe8086483786727c47b725f2d5.jpg,1
321,train_data/161b6a845ca74701977de49b8ea38e64.jpg,0
322,train_data/4b52ea2363094aefbedba68470588880.jpg,1
323,train_data/d5837004b4ff41d1824fdf685460af2a.jpg,0
324,train_data/ab5e78cb0be9456c85132d31e11f3078.jpg,1
325,train_data/8952870d1f08469fa2985808a55b5416.jpg,0
326,train_data/106a797a648e41f7891afcf89c132575.jpg,1
327,train_data/a6629ce2a68b4376b43c2b0066ac37ca.jpg,0
328,train_data/ab0a1876836243b2bfc0b79ced4eff50.jpg,1
329,train_data/badfa05574ed400bb65bd6fa2759a414.jpg,0
330,train_data/f63502b9f3cf47ada0430e924c563b2a.jpg,1
331,train_data/7307064b8e3c4722b35ee25215c48f68.jpg,0
332,train_data/67d1b9f1f71242249629c5a73814c343.jpg,1
333,train_data/66bb78c115254b8cbe437e77ae8a1f99.jpg,0
334,train_data/8b5f5e88731b4f278c20196de1f4d006.jpg,1
335,train_data/d4da89fca2ee4efa8329f03d22d0bd5b.jpg,0
336,train_data/71b7ce5f5f434039bc37d5d5e37bb041.jpg,1
337,train_data/f4d12269cdf74d0bbc8d56ae535e4fdd.jpg,0
338,train_data/a0a308de65644a9c894cb31e0b0c68d5.jpg,1
339,train_data/136539b4a93a4b88bdca729a0d9d2240.jpg,0
340,train_data/149718b7f4774c919ee64cde83c173b3.jpg,1
341,train_data/f1208acd82054497ba849c74a6a74b55.jpg,0
342,train_data/254b929788f647028bcecec1cc07d023.jpg,1
343,train_data/25eca5f2b27b4b1e9e033beb5788474f.jpg,0
344,train_data/25bf95eaaf9b4edfbbbdb4767f7f21be.jpg,1
345,train_data/b56c16dceaef441e8c66f893099470f1.jpg,0
346,train_data/f6240ef6520648d899a5960555037320.jpg,1
347,train_data/437af1a57e084aebb339a520d9339be9.jpg,0
348,train_data/bf4e705f937a499ea0f875f790430b16.jpg,1
349,train_data/8e1688df490a4af3944dcb6b5320824b.jpg,0
350,train_data/d6433aa20f9544b98bacb0152ccc4248.jpg,1
351,train_data/80fcbfbc030d4ec09347351cec1a2fd2.jpg,0
352,train_data/14ee9c102a584cc5ab736be46c061bd3.jpg,1
353,train_data/f763fd42a8a3451297f29a6b91f349de.jpg,0
354,train_data/91b4971889964bd4aa1bd03f34179640.jpg,1
355,train_data/44e364a3789a472b869bc5513d28e685.jpg,0
356,train_data/c45affef1c3d48a5ad0f97e106c19c52.jpg,1
357,train_data/9ec6fd612b9a4affa8add496d40f39aa.jpg,0
358,train_data/7637578553f84830bb251a6d3701a249.jpg,1
359,train_data/2c0a2c9fc970414e91cfac1c08ae1db2.jpg,0
360,train_data/e848348fde5d426eb43e9421f2588354.jpg,1
361,train_data/dc6a740340af48d49a398feb7691323f.jpg,0
362,train_data/1ce1826cdf944ba9a0dbad04c4c6441b.jpg,1
363,train_data/85c4894bb0404132ab9624ea9ddc86ba.jpg,0
364,train_data/4c787e1bb8a04e599786c2617752e97a.jpg,1
365,train_data/62067a203190414baead58510ede45e0.jpg,0
366,train_data/5a434aa55b4d4c1883673c96b11b1053.jpg,1
367,train_data/fca51a92c79340c882b0e6c8e4c3dc28.jpg,0
368,train_data/c240aecf20764f8396b64e6b89954fd1.jpg,1
369,train_data/fbf241cb3baa4b6c8ce0881baebd50e9.jpg,0
370,train_data/3133591437d44c068fbb52507ea47093.jpg,1
371,train_data/4a4287dd70724e438a3ee83c8aa5ac6c.jpg,0
372,train_data/02ab0d0b92d2401aadc992ab8ec7b8a5.jpg,1
373,train_data/71d589d4a93a4ae6890c343e01da477e.jpg,0
374,train_data/f9c539595ecd4c399ef26ae64ef0b7c4.jpg,1
375,train_data/bc5a6882ce00438eaa96c93e6485efce.jpg,0
376,train_data/0153866030ce47eab5a54682f96b333e.jpg,1
377,train_data/d1151016568641c3857945ea3ccec37d.jpg,0
378,train_data/50b2ec0ae1c143f7b28608a5451ac14b.jpg,1
379,train_data/ac6b0945c5f94276a1d03882b66e4dd6.jpg,0
380,train_data/ffd5c3b08ea148909c54b029644cb669.jpg,1
381,train_data/c5dbfba339a742f59433cbee88d84c33.jpg,0
382,train_data/758c3550ee034b8f9c56a45f2980c68d.jpg,1
383,train_data/02ea162101304e228238314ffe020553.jpg,0
384,train_data/efa3ce934dd24eab8af54ef581d786fc.jpg,1
385,train_data/67f8cea7a8a843aea2aa2a74eae1dde8.jpg,0
386,train_data/ed2c4361beaa4a82bf45e5cff377d31f.jpg,1
387,train_data/40d929d8b39e43d7b8b7bd07afc66fe1.jpg,0
388,train_data/90c844bba9764e5cad2dc8d5a109f0c7.jpg,1
389,train_data/0d9c127c5d4745dbb393d491be3b5b35.jpg,0
390,train_data/83d131be8061458abb94de4728ed3f65.jpg,1
391,train_data/b18f08667fe243eaad7aca6719aee326.jpg,0
392,train_data/03c810c87f684cab8c9eba8629eaa777.jpg,1
393,train_data/0a55e310748c4048b199220bdb9866c3.jpg,0
394,train_data/9189a4c1d23e45b69561bec5523d576e.jpg,1
395,train_data/f398b2a53e2a4b70b04e671eeaa397ba.jpg,0
396,train_data/473424d82ca64f44970da9ea47bfc212.jpg,1
397,train_data/6767f6935e15405592d7810e6fb44a91.jpg,0
398,train_data/342a49a7aecc4615a6b7d9aec39b0104.jpg,1
399,train_data/323a4a5674cf4c9ba601c796ec01d052.jpg,0
400,train_data/0d8a3e98adfd4bc497ce5bd5fca8f446.jpg,1
401,train_data/7a063d4da2bb466aa6ae67fd5bcb8243.jpg,0
402,train_data/0ba4d20cb68140ad9b8b17851d5952bd.jpg,1
403,train_data/779d694787ee473fa88f763da74ed06b.jpg,0
404,train_data/b4397773fc8e4418ba06a1b17fb7186b.jpg,1
405,train_data/463949ffc0d34a62be9ac228455b3d65.jpg,0
406,train_data/f6196e719a1a4be6b9968fc93e9e32a0.jpg,1
407,train_data/6b09efdd072b42eb910024f659a97ead.jpg,0
408,train_data/c52213dfabcb44aa98c39c7311fc6ce3.jpg,1
409,train_data/a18ea33a862d4a2fae9ae496762f6687.jpg,0
410,train_data/d2f15270b5044f0795e8b5435b559f72.jpg,1
411,train_data/29c0970eb68e4305adc62dee8a3ce26d.jpg,0
412,train_data/336ba2ce98b24f5bae1cd9ba09eea8d1.jpg,1
413,train_data/eb0c52e058e648eca65fb9629a386163.jpg,0
414,train_data/b32960b91c2c488399761373b36274cb.jpg,1
415,train_data/0333c4335ebb44afb633ec1e78a02f48.jpg,0
416,train_data/7e8c3bbbb5f5420c94ae744803771f50.jpg,1
417,train_data/758333a67b764042889111803f0f11ae.jpg,0
418,train_data/2b3a9d1eb0f6456ab267380f990234e5.jpg,1
419,train_data/6c67be60f68c4f66b18fb12a95916d3f.jpg,0
420,train_data/11a16af46e8b4cd3833787bb4cc0ca5c.jpg,1
421,train_data/be2a032b9f8f4b86ab330b72a6ac15b5.jpg,0
422,train_data/9bfd72a86bb74edba8afdda5efa4b784.jpg,1
423,train_data/34c4655387d84878b1d5bbdb6e901474.jpg,0
424,train_data/3e289a892bf349528bafca39c1416363.jpg,1
425,train_data/6ec0e6ddb630415ba5edf95fccd5df1c.jpg,0
426,train_data/d00187541257465c8e2aff8c6a1a5ce8.jpg,1
427,train_data/8cdc78c27a54451e90268426dd4dee1e.jpg,0
428,train_data/e362d041d1b14faab1cddf4daaee0848.jpg,1
429,train_data/f25e2f9534694f499336b59a84780590.jpg,0
430,train_data/cbd1c2455e2d4f238e6904f1fd62d2f6.jpg,1
431,train_data/d2729a93d46543928159f4a507a75cd3.jpg,0
432,train_data/ddc48b48fa1241978909c25719cb8961.jpg,1
433,train_data/b6d346aecd2a4e6b8c52e121d71e1a7a.jpg,0
434,train_data/87d9520aa98545c09386404ad4b9019c.jpg,1
435,train_data/b2de9fa414c64a39b81904e3ca7936f1.jpg,0
436,train_data/a1bdb3bed7a440018ec2b2272897af31.jpg,1
437,train_data/d78a5453fdce4d00b52240f88d16bff0.jpg,0
438,train_data/4167c14ce3744f1483c6ae997420cec1.jpg,1
439,train_data/0bb2445284e44052b3adc09d47444f23.jpg,0
440,train_data/4f86ff5792994d91a78e4bf273bc0227.jpg,1
441,train_data/03e1ee51d4dd47b39cf9fe4005b4c227.jpg,0
442,train_data/e39be51443724676b6963515617cfda1.jpg,1
443,train_data/65eb680cc49045039b728bd0e0f714e0.jpg,0
444,train_data/546f31270f3c49719b0785f38b0a75b9.jpg,1
445,train_data/29e05ffb08e64766a35eecf843a66502.jpg,0
446,train_data/195efe4c4ae843ecb4d2b79545bb9d4d.jpg,1
447,train_data/9549900f91104bed8f5e2574973ff241.jpg,0
448,train_data/129b67d992a04e39a1d0efa8e5f00588.jpg,1
449,train_data/f3b9bbadd27c4dcd947cca0d2f34129a.jpg,0
450,train_data/b7ff96d3c0384043b9976d8952b987dd.jpg,1
451,train_data/e1428801c0d6416e8e85508b6a54db0f.jpg,0
452,train_data/788c1c24791e4f2d98d030eb96ddf164.jpg,1
453,train_data/39fcf0de25024b149dc022089bba57ff.jpg,0
454,train_data/e2b09bd2b6f44cb89b24bd0d4d0570ee.jpg,1
455,train_data/15436d051cda4f0f885ea786cf7bbd9e.jpg,0
456,train_data/b3bf8a5bbc544f6f9f3cfbdf70145d72.jpg,1
457,train_data/4d76d790a5f3480da3909ea0fd4fc588.jpg,0
458,train_data/f698b93cb7124ac2b51f0c813fa93584.jpg,1
459,train_data/0fe4f8110e5a4fe5bae85381d26f1b84.jpg,0
460,train_data/bc9d1631b2384703961201dd7491e5b7.jpg,1
461,train_data/b111e472e2264ea5a34a204254873909.jpg,0
462,train_data/2350d0e6d7324b189f6046213c6c99b0.jpg,1
463,train_data/2abed1007d48471f8a130a1640e1789e.jpg,0
464,train_data/25fe498c5b5c4c3783215c48a5c56369.jpg,1
465,train_data/308a2557b79548278fe11c667544e757.jpg,0
466,train_data/53777c75ad594f75a865781718dd1286.jpg,1
467,train_data/0a2ba60e935c4d48a26fc4e48f138fac.jpg,0
468,train_data/e1eeb075dea448178dccb9b10bbd28c4.jpg,1
469,train_data/442dd924440b4668b24cd271d7867101.jpg,0
470,train_data/52996de454404cda823aa363ee2d97a0.jpg,1
471,train_data/f127b1987f9345a2abd6f50a0377b08c.jpg,0
472,train_data/7050cf4c91d9473dbd70b6792ad7eecf.jpg,1
473,train_data/7ee50aa0499d45ac80548869c53ba967.jpg,0
474,train_data/cccd921234bf487a91d0f61f45d09ce0.jpg,1
475,train_data/b969d03e56bc4713a50629ba04c277e1.jpg,0
476,train_data/fb0b4f9d221c4037bdd2e2356093373f.jpg,1
477,train_data/f958d593a41b4046907b35066d845c28.jpg,0
478,train_data/e379e4532b8a42cc8b9551ba5720834e.jpg,1
479,train_data/43f26c3b498a4ab8a6803f1543911e3d.jpg,0
480,train_data/bc401fc3bd6f48b392639187f439b703.jpg,1
481,train_data/f43e9bed5d4c4d8aac32ed0c655662c1.jpg,0
482,train_data/ae2e16886e6f474bbd8ab39ea8d9dc03.jpg,1
483,train_data/0cece27fad1b462baeabe8189479619b.jpg,0
484,train_data/b03fdd27f1934d6c843f2aca730ce9f6.jpg,1
485,train_data/ef155a1f910f4780a62f06b82fbd8568.jpg,0
486,train_data/4cf9a6c192d64a409fbe8b3128631e3e.jpg,1
487,train_data/eef0b527d9154981aff81a2f772ea53f.jpg,0
488,train_data/addc36bed5834ea6af2c3e1562fb35d9.jpg,1
489,train_data/1c7b7358db354b828c7b1c113c08d5a9.jpg,0
490,train_data/14b892efa0b24056b5b131d9d530b5a7.jpg,1
491,train_data/66d70fbc5a5c4ec7914318c08f162fe0.jpg,0
492,train_data/be8284f8981544ec9c58aceb7b233595.jpg,1
493,train_data/0719ec37349f47d7af16fd4b072e1f0d.jpg,0
494,train_data/895448e578164e04ad1bc5817484c783.jpg,1
495,train_data/8f476136d0f84fd880d90602a6b25af3.jpg,0
496,train_data/016a2f9d342143f88789969e20266b69.jpg,1
497,train_data/196a3b32e0f24e239b2cd5c795f45762.jpg,0
498,train_data/8583f4f7116c426a951e280bd88db79e.jpg,1
499,train_data/2426e125cd36423db9b60c23b4a10537.jpg,0
500,train_data/6dccec64a63a4dff8fea7851d8d1c8c1.jpg,1
501,train_data/7fd2a03ecac842539c74c47965331ab1.jpg,0
502,train_data/501df41a03de4561b1d4d7329bdc5c20.jpg,1
503,train_data/7d30d475a3514c289a9c963c25bb6c6e.jpg,0
504,train_data/35a8ddab0a3442aa9c469f534a293954.jpg,1
505,train_data/eb773db3fe764bad8eabaca0f11d051a.jpg,0
506,train_data/b84391c701ca4007b03df9637b42dd27.jpg,1
507,train_data/28484d24fb1c49dfb07bf800618b466a.jpg,0
508,train_data/c38a5ed3679f4effab1b711f02e7a5d9.jpg,1
509,train_data/e7969c72590a4dd68e8545a1bfeb13f8.jpg,0
510,train_data/7977efde682841c7871f8ea1e848e4a4.jpg,1
511,train_data/f8452ab210d64aa59e995212eef17ff7.jpg,0
512,train_data/b7d0f06ecbb54b97b4c8eeaefd629769.jpg,1
513,train_data/4b55bb27fab14c7c8f191106cf118ab4.jpg,0
514,train_data/03df6b5ee31c4244a687b2c43f93cf43.jpg,1
515,train_data/0e34e28f80134c44996eeb2ca49cd5ce.jpg,0
516,train_data/be573521a01d42e5a3abf849730e1e70.jpg,1
517,train_data/3651c5ee881e4cbfad7222d7e855fa2d.jpg,0
518,train_data/9257b12c82804bcc8df8619ade8048e9.jpg,1
519,train_data/68544cac3d2544c3b16bcbdb44bbd4c4.jpg,0
520,train_data/fe642347ae5140b3aa52053788945cfb.jpg,1
521,train_data/c0ad6d0653954bd7bf96a3458f81e33d.jpg,0
522,train_data/05cb66c2869849f7ab668765a3699cac.jpg,1
523,train_data/c5f99f82d2d640f8a093133067bea522.jpg,0
524,train_data/5d36335042134f4c827acf4622a3e298.jpg,1
525,train_data/1cc9e6fc824f4fbb91f72a640107fa29.jpg,0
526,train_data/93214b72592f4c66b7fa764161d1d6d2.jpg,1
527,train_data/9e739e397c5d4b5d9235383677f8aeb2.jpg,0
528,train_data/753181ca2d3447a18c2290f3299b76c8.jpg,1
529,train_data/f9da896ddf6f453eb145ab87cf662707.jpg,0
530,train_data/c0ee0c267c504500a5cca396b6a2a29e.jpg,1
531,train_data/d45f413cd12c4f28a15279e447b5bc3d.jpg,0
532,train_data/668a7f0662c344cd8b5f51871ae081ec.jpg,1
533,train_data/771a5a4f894c45279e609d86fdcb3879.jpg,0
534,train_data/025b496585ea4ae186449f27164e98f2.jpg,1
535,train_data/b9e372f41e314b2a82afd6c5ad6955b2.jpg,0
536,train_data/ffe03281f06f44da927c9355f7fb8c09.jpg,1
537,train_data/3e6bf19076154ae8aacbd3584b8bf4c7.jpg,0
538,train_data/0bff34f6cb7f4f2c8f2afa792870caf5.jpg,1
539,train_data/a67b1c49e8694076a09d931a01c3501c.jpg,0
540,train_data/0f0581cbd6324b6b9248d4b6518a9b2a.jpg,1
541,train_data/c31217355f9a49dc92f804b7e0a5c463.jpg,0
542,train_data/6f45ca67f3e74da38be02019d2e5d153.jpg,1
543,train_data/57a4d38712cc4360937389def1dd1555.jpg,0
544,train_data/aa0a665dbba944ba80675cb3ca7530fc.jpg,1
545,train_data/a84ff40e7a65401b9cd422324c84fd85.jpg,0
546,train_data/5271484c10ed46f38e7c8c05f4bd8c71.jpg,1
547,train_data/0fc403e6a23f4fcd8b2e61833b8a428e.jpg,0
548,train_data/3d4582d73dfd45b4a2d4c320bd235aa0.jpg,1
549,train_data/a5e33d3b97544d66bc5bbc5d8dcb455a.jpg,0
550,train_data/8b0a88967312444f94b27f43cb627219.jpg,1
551,train_data/134ea8abe4fa44d69ac25c8ccbe4efcb.jpg,0
552,train_data/cd5360f271a74d34aef028a949d85d26.jpg,1
553,train_data/3dc40f26a9734d978ca25476d668960d.jpg,0
554,train_data/f5496c4b3efd40c191e1aea69a0344e7.jpg,1
555,train_data/41f6a347c9e0403597fed3c54f80ae41.jpg,0
556,train_data/1946048e2c4e4df6a760c0afbfeadd31.jpg,1
557,train_data/263396b6659d4861ac79ac5b2418033a.jpg,0
558,train_data/69a06d74c19b4edda89bd7d0d3a402c4.jpg,1
559,train_data/1a0fc827d638485ca76901dfe0802fa6.jpg,0
560,train_data/30340db65176474b9d4fc3d6f69ad4d2.jpg,1
561,train_data/00e4d33ef7b5480f985cd10948d9501d.jpg,0
562,train_data/6318ab7fc0c84b11a88428bdd40c4351.jpg,1
563,train_data/75ee1de7178a41cb9adebb2d5a3d2323.jpg,0
564,train_data/67ca034107ac4cfca12f8507a7c5f66f.jpg,1
565,train_data/be49073e2f0543bbadbe5df287bbd08b.jpg,0
566,train_data/58d0a100c23d480fa57c1a5ef47e9752.jpg,1
567,train_data/bfc72c0f986d4bc09f596cef6c5e2257.jpg,0
568,train_data/b9771624e85b4194b9e3645ebfb51d5b.jpg,1
569,train_data/4dbe8a3d35ab4d8abae615d271e24917.jpg,0
570,train_data/152b93e66c27423f8aa27a217db04693.jpg,1
571,train_data/a2abc0fbb7a748a88a8dff18c8f795a9.jpg,0
572,train_data/8a107d028f304cae9f9af7b7ac65dede.jpg,1
573,train_data/c2308407f6f94dbea7da5fdb7b72c1a1.jpg,0
574,train_data/a7888e27c8d24687ac5a48c2515ec5d4.jpg,1
575,train_data/efdf66dfcf4d4e53b7fc9b55cd563d0d.jpg,0
576,train_data/2ed4831a48a64726a80bfd6f41ac5ebc.jpg,1
577,train_data/ec177744e1ca49d4a4e8f6a27eebaa41.jpg,0
578,train_data/77dd07a2cc7a494f980fbc9a3753c4fd.jpg,1
579,train_data/2138f3cfa12b42d99d6aabf7ac5a97cd.jpg,0
580,train_data/6d921dd6c1404364ba054b574eed290e.jpg,1
581,train_data/5c021dd57a414ce4aef9f94526c518c9.jpg,0
582,train_data/fe102da72b9b46628b447acc39704f56.jpg,1
583,train_data/fa90e89f5cb3483ba08f692bd9103cc9.jpg,0
584,train_data/4732309f20ec4b1b84dc33f84a49f149.jpg,1
585,train_data/beb49bedd2194b58bede6735346960c4.jpg,0
586,train_data/a1b5e107b660415f850f79a5f49ca29d.jpg,1
587,train_data/a60d629113d743578129e1a5d9eca3d2.jpg,0
588,train_data/d9192db86c324f5195fd0631712e65ce.jpg,1
589,train_data/a7066f0e5b2b4b5ab5247d725de68d06.jpg,0
590,train_data/b18826bd0c01407f9f9c9ddd00ce1195.jpg,1
591,train_data/478b26d96239474aae9269251a671d0d.jpg,0
592,train_data/4997a597c32246c68ffa5ca73700e405.jpg,1
593,train_data/81fb86158a694936ae636c7383802b65.jpg,0
594,train_data/d09d21f5e6c243be80878cb00eb42071.jpg,1
595,train_data/76ccaad22a1d44bc8a7691f3ea22ffc7.jpg,0
596,train_data/b2ab09c0c3d64fac82db58b389725217.jpg,1
597,train_data/bf0e871fd26647d68b01ef5c94ecd5be.jpg,0
598,train_data/04253767e09b47f5abfb6ce1a5058b37.jpg,1
599,train_data/89d3420f9a954a58b487bf00fa4e920d.jpg,0
600,train_data/096d9484d43a402ca8bcdb9ac9fc7e44.jpg,1
601,train_data/e9df108912024b75b19ded5e786b58f7.jpg,0
602,train_data/c6dc3cce7742480888d5ebe9aeddc491.jpg,1
603,train_data/4c8e4adccb42431ea0d37cd1976faff8.jpg,0
604,train_data/8ada3ee40bc14a56a065b0364f5dab4c.jpg,1
605,train_data/9fe91ced445f424889be311cf02fa7d6.jpg,0
606,train_data/f685fa7adaa44cc889a592dfe5fd390c.jpg,1
607,train_data/cbbc67c98e1f4a8daaa3d94dce14bd29.jpg,0
608,train_data/dac0eba1601a4e93bed76c86a3019915.jpg,1
609,train_data/f2c167b6300241219d0b5a6f1b0bb9e2.jpg,0
610,train_data/93e6781839ff436987c002fff8fa02d4.jpg,1
611,train_data/9f97a7acc83749de8dfa707e5a0efbd8.jpg,0
612,train_data/f4492329f9644bc790e87db27e934e58.jpg,1
613,train_data/a4e084a646634378a198230fdc7c9188.jpg,0
614,train_data/d274ee997447461994b77f9b1429f87a.jpg,1
615,train_data/666e355f7ce54a02ba56179b81bee4f5.jpg,0
616,train_data/1be3ac1ff3d74b50b8291b4e850f8759.jpg,1
617,train_data/081d38f8300d453190d9fa2982f306b0.jpg,0
618,train_data/9e7560aebe8a4dada9f93f775e18eb11.jpg,1
619,train_data/9405328eadf04b2b9aa2049e09ab2414.jpg,0
620,train_data/f81d5afb14eb468c97aa656544f9afc9.jpg,1
621,train_data/a267096ae8e14e0fb056f113d261a47d.jpg,0
622,train_data/52f28b6f869b455e8a9d4c88b9aaf66c.jpg,1
623,train_data/d8880943fdb54a95b1fbaf8654bee832.jpg,0
624,train_data/56ac7895eb69412685746d7bade23105.jpg,1
625,train_data/07d37a5ff4984d9da51e68ca90770b05.jpg,0
626,train_data/06b4bb999d504cf29a90d3f6c440ad57.jpg,1
627,train_data/60dc5f767b50433e926f9817a205bff3.jpg,0
628,train_data/50a309a737ac4521b3d0e1b3b570b58c.jpg,1
629,train_data/aefcd500bf2f42398c7104f85f437868.jpg,0
630,train_data/d4d9b3961a14438abcb06de3c5ba3957.jpg,1
631,train_data/f7a799c7520c43fb9903236b6f16a4c9.jpg,0
632,train_data/0866ae705480439faa13ad53e4269919.jpg,1
633,train_data/3b7380da4e5d400d90c85f0ec2c0db4b.jpg,0
634,train_data/f2bc0a28b0304ac992f05ec4c0fcdddd.jpg,1
635,train_data/f8b0a8755093453d972177583d6f3781.jpg,0
636,train_data/038cbbecd8e54369b58d5a4142bebabb.jpg,1
637,train_data/b64aee5e95f24f41b3679afc8aabfab8.jpg,0
638,train_data/2d00ac7879ba40e885141298b2ecdaff.jpg,1
639,train_data/383c4e633c0f4330bb836dc07a8145ad.jpg,0
640,train_data/d932908fd50149349c14c22aed17fe20.jpg,1
641,train_data/c98dbf3c87d248c2b9391e78f7039366.jpg,0
642,train_data/42aecaf878444d2b82c83c44679b0059.jpg,1
643,train_data/5e7315116d3a4c95811f197d866be703.jpg,0
644,train_data/e5583f0789ec44b69ff36c57333fbcec.jpg,1
645,train_data/775c69c7de604eb5954795d1d8c777b5.jpg,0
646,train_data/8605995722364b0487cbd06c8fbdc046.jpg,1
647,train_data/33f48c43000c4da7a6bb1967e0c17c55.jpg,0
648,train_data/77ecc498c9034977befcf2b869cafed1.jpg,1
649,train_data/5b90c35300c4465aa7571e6f1df4f281.jpg,0
650,train_data/912f0b750fbf49d0b0c36e7bfac5b4f6.jpg,1
651,train_data/55ba85096160461a883232ff75f10d32.jpg,0
652,train_data/8891038f706e4617977230d155919641.jpg,1
653,train_data/3bf35669e8c64f7e9ff0ee6b35808d0f.jpg,0
654,train_data/441e64315f8a4c78a5b1f6cdc824d031.jpg,1
655,train_data/de9fa294404a43eb8720627452bae3ea.jpg,0
656,train_data/0f270651dd65478fa83ac2db52896360.jpg,1
657,train_data/0c9a03643f67453bb33729411d8bdf58.jpg,0
658,train_data/21fd4fbf2bbf4376af609e4eab7bbd31.jpg,1
659,train_data/77962ea10c2f49589b20b7ac7338c43d.jpg,0
660,train_data/a1a92a8c70344d118231fe1c3040b76f.jpg,1
661,train_data/b343f5f4d6b049199969a8a5853ceb26.jpg,0
662,train_data/fc8034119d8d4c8e836ad20bcecf7736.jpg,1
663,train_data/a7281631fed44780a1ef7106ffb73a39.jpg,0
664,train_data/c5d322b23c2b4f008eaa8001de73b889.jpg,1
665,train_data/0f8263edfa1d41d99929452021121489.jpg,0
666,train_data/3b1f450ffdfd4443906ce2a840423611.jpg,1
667,train_data/8858e74d19ca457ba66656b7d7a93b3d.jpg,0
668,train_data/a24f77d9bea34c22ab31c0dafe7374e8.jpg,1
669,train_data/45c5125777b54acdabcbaf757beff933.jpg,0
670,train_data/a4d7bc7257014588aba8364a9c1b2ce5.jpg,1
671,train_data/9b0373df55b84a18bfcfea37009a516f.jpg,0
672,train_data/fa01353c751d41f19ffa4f70bfb19907.jpg,1
673,train_data/2b0d13f24f614514ac1178eec64527b3.jpg,0
674,train_data/0bed99fcc8a149908de7399c69c3b6cf.jpg,1
675,train_data/46636391c917435db9c33d68826948fe.jpg,0
676,train_data/ff7497a131ca46f781c70324182c82f8.jpg,1
677,train_data/4c281ad879be494ea0288b7a128a07ac.jpg,0
678,train_data/bba8132047a346ac81a3ecae21a3d58c.jpg,1
679,train_data/adc4070ec1074cf0baad02b9295fbfea.jpg,0
680,train_data/d2b0050dbe734a89aef6b53bfd3de4d7.jpg,1
681,train_data/f3997fa121b64f95ba883a3dc74dbe96.jpg,0
682,train_data/49282e7793ca4bc1b2f5b47dce2a51b2.jpg,1
683,train_data/7b9f76964f7b4b1dac5795f072dab86f.jpg,0
684,train_data/97a74b3dc43143d383e1b349a99c8eaa.jpg,1
685,train_data/96df5955391e49ddbd949ecb3abf53cc.jpg,0
686,train_data/f1fb4d4e8c5e4ed599cc1fb0f6f15367.jpg,1
687,train_data/0d41794cad99463db8c8d2758fab0f82.jpg,0
688,train_data/7aac7f5f58f64764ba7f656d3fc9afaa.jpg,1
689,train_data/93bed0b18fda4db99cbfe92a53e81c31.jpg,0
690,train_data/de9d585cd02543a6965623148d4961c9.jpg,1
691,train_data/ba1bf63732dd4c619ce8ab0313376a5f.jpg,0
692,train_data/2fab1afb5fc944ef8ecf6036bb80c3c5.jpg,1
693,train_data/5fea5298464e413ab7f6a644e2d39185.jpg,0
694,train_data/b831282c55944120b6050ec05b5e7b5f.jpg,1
695,train_data/95787a5b936c4648b2f82f4b77c006fe.jpg,0
696,train_data/4230a054b5aa4269a8f7a37b7e9d15fb.jpg,1
697,train_data/192d08d660cf413986eade32cce7e42b.jpg,0
698,train_data/53acf92e480d494299f3830975db27e3.jpg,1
699,train_data/1aa1c127ee4e467abe52c2b188217201.jpg,0
700,train_data/15fc8b1ec7ef4fd88015e9beb951b150.jpg,1
701,train_data/b6589a5dc05442a9b231f040bd331521.jpg,0
702,train_data/cda2cd9a777d40daa4b6175bcefb71d4.jpg,1
703,train_data/c8e56ebed2cc45be948817c38b0a607f.jpg,0
704,train_data/217e247b683f4cbe9b02dfc01bd9a3ff.jpg,1
705,train_data/f4a96b948d074967829b42c30eb5917f.jpg,0
706,train_data/465e62bb5cf849e0b20af21b9dd8ce82.jpg,1
707,train_data/ca113a193a744e5bb52138dec6d9e549.jpg,0
708,train_data/854fa6bd22e4492ca3f0acc3de5bfe4d.jpg,1
709,train_data/5b77b67b85f848e58b83513dccb2e669.jpg,0
710,train_data/2175ad9861ad4ca3bce5b48edaae9c76.jpg,1
711,train_data/5397f9c6424c405aa38ac64cca71acfa.jpg,0
712,train_data/9580b08db5414271a17af7aca5d26b85.jpg,1
713,train_data/2673219b0aa043d98fed461051959cab.jpg,0
714,train_data/eae86f4a507d43ce861bcd3ff97c999c.jpg,1
715,train_data/85ed2653fd914a5392ba634a42280c58.jpg,0
716,train_data/1532b62996ca473baefc5bc6d9881c6f.jpg,1
717,train_data/0d01eb732da34b2b8e9f22706a320bac.jpg,0
718,train_data/4bbbdefe87ca48568b52b6713344d7a5.jpg,1
719,train_data/c56099a153ef4a6c8e506d49822507f9.jpg,0
720,train_data/69ea3c92c3a14b418e4b0ac82eccc32d.jpg,1
721,train_data/d18d8220e5b74349ac435e07a4af97f5.jpg,0
722,train_data/ef69a10b7b0b44a6ab7d11e17e0cdbf4.jpg,1
723,train_data/e883ed76fbb9464386468e7b2b12df5e.jpg,0
724,train_data/f9d322deb7bd4c20870bb0ac058578d7.jpg,1
725,train_data/bcb4c7471f0443619d680420d52d7a16.jpg,0
726,train_data/317b6b422c75465facdac30f4d849de5.jpg,1
727,train_data/c5dbeae644a146d892cc418a406da09b.jpg,0
728,train_data/6b9f9e3d8d3b4b0aa7d8b4907029dc46.jpg,1
729,train_data/954e8b5b575c45f5a23a7cfabd3e2d58.jpg,0
730,train_data/a3a8a4568f194ce588621f969a2b24ac.jpg,1
731,train_data/7096339b2fab4c97ba44872e4b7ae74b.jpg,0
732,train_data/77a0c114a7a74fa2a884997e6149c19d.jpg,1
733,train_data/0a48f90e3d25492eb951f4dacb71688b.jpg,0
734,train_data/66bc35a7c7ee45479f497aaee2bdbb2f.jpg,1
735,train_data/357a5a88ce3548b8a388dfb86a76eebf.jpg,0
736,train_data/8896343ef71343f9a606bcbc18f1b8da.jpg,1
737,train_data/90d32893d6d64038b27da10916ecd263.jpg,0
738,train_data/e306208589b44df6ab3a7fbbd8d2e0af.jpg,1
739,train_data/115d65d3980045aab114cfa66cf65501.jpg,0
740,train_data/33794dab0397440b9a1ee22a3ce931bb.jpg,1
741,train_data/4d71405301bf49e199f968b18b6d669d.jpg,0
742,train_data/5413f9700ae14d299392c93ecf987b1d.jpg,1
743,train_data/7578a3a9792948d6befb7418a903ebc9.jpg,0
744,train_data/11c3e12a35f54c318806f6824f3226fd.jpg,1
745,train_data/75be7e8ea0624fae988288e9c74e1cb0.jpg,0
746,train_data/87b315a21bac4675b0c7c14c7dca94c7.jpg,1
747,train_data/7376db960c2f4290b72f8df46599c945.jpg,0
748,train_data/6497f3b56af8484d93297609ad381bc6.jpg,1
749,train_data/a2d99f95767348b7ab9a3d977932874d.jpg,0
750,train_data/567a3267823e438b96db9ba875481905.jpg,1
751,train_data/48fc818b355d4c0aaf11a5e78c1e7d29.jpg,0
752,train_data/827f4f7d66ec4cf797bbe69c420d3718.jpg,1
753,train_data/6da629e65b1848a28b1e8a48e8474a00.jpg,0
754,train_data/a1c57dbd5f29441faf9c26e4fc93b8d6.jpg,1
755,train_data/15ed73af56b2470da5ca6d73b3e9f192.jpg,0
756,train_data/9156ecd875d64b8385eae658f6207ca3.jpg,1
757,train_data/957898f0eb60441e83ed3006eeb49831.jpg,0
758,train_data/5c4cf1de1f8b4cf5b032cda9c7b5cb90.jpg,1
759,train_data/9feea2cf390e42eea033befe9d50d8b0.jpg,0
760,train_data/96a3f3d128924f2c8cffe2fc92a60955.jpg,1
761,train_data/cb68ba086bb2466aa71d0805d982b024.jpg,0
762,train_data/38659391afe340578596b46d08a406c0.jpg,1
763,train_data/60d56108ee0342d583724f846d061fa7.jpg,0
764,train_data/f15b50bb83ee4a888be72b653eb145ab.jpg,1
765,train_data/cbfd0cb589ea4e1e9bb76f2972590345.jpg,0
766,train_data/fe2cadb7c24d480582a9a19650018d11.jpg,1
767,train_data/bb22ec498f9142d2a66a7bf732d11d85.jpg,0
768,train_data/2d4a029992904132a00789d3e1c98050.jpg,1
769,train_data/3f5f24d166fb42a896077a4ca414caeb.jpg,0
770,train_data/81c0d98223f24e87a6f427e20f4ce0b7.jpg,1
771,train_data/7c53c380c97f4a90aabc7f36a327aeb8.jpg,0
772,train_data/4d128a42dd5d475a95c55fc00fc853f9.jpg,1
773,train_data/e509bdba79114c2db45855431f36b41f.jpg,0
774,train_data/5fcfde2e946d4501a2285d99a8d9638d.jpg,1
775,train_data/50ba31fad2f2473885af8deb2d48b773.jpg,0
776,train_data/3aabefdcdf3a49298014363678884eb7.jpg,1
777,train_data/d3f4274c7a3548bca9b983f2e2f4db7a.jpg,0
778,train_data/a2e6d6d5f8744f4eb6f5e5bb3efe98e4.jpg,1
779,train_data/08879582ee2a4952aec84e5bb969c845.jpg,0
780,train_data/208889d298ae4a46808077320f2077b8.jpg,1
781,train_data/158d0f155f5e44caa0164b5477761c6c.jpg,0
782,train_data/8f65c62033fe475ab0a8e4d9354b81be.jpg,1
783,train_data/c217991c1f1046868c7328a750530194.jpg,0
784,train_data/9242329ab7684a4dbab3659d962b5c3b.jpg,1
785,train_data/5beacc4afae34ca9a7b0372f96170360.jpg,0
786,train_data/9029f29f7556466ca1433d55e140ea30.jpg,1
787,train_data/8a3791daba6b45318f5d7ee9c5567c95.jpg,0
788,train_data/0ac108fe63954462ac3d74402b15a677.jpg,1
789,train_data/c33bcfd367324aa2834c6d28f79ebed7.jpg,0
790,train_data/32a905871bcf43a4916fef053dc57c76.jpg,1
791,train_data/c794762c3122444c80a8976904b6f7a1.jpg,0
792,train_data/07f70122c3b54a678ae4dc7874a5c0ef.jpg,1
793,train_data/e88d8f6a3ae54e5bb1353401bdf1731d.jpg,0
794,train_data/1d7c6b3fecd945c09d1ed6c67788914a.jpg,1
795,train_data/8da4e81a994a4f18862a084c79144942.jpg,0
796,train_data/6a7aff155eaf4fdba28c7bd19e25caf5.jpg,1
797,train_data/ad4b8cf0844b4a70959180d71a789b6c.jpg,0
798,train_data/bc8bfc91efb64b81b13557d50b5e5e00.jpg,1
799,train_data/ca49c54b26854efcba44dfc2da617144.jpg,0
800,train_data/4f83249d100841bab481ff53032ff138.jpg,1
801,train_data/ad75b2b7ead04ad4ae44064c4c3e59b5.jpg,0
802,train_data/d7cc6f3bb5b34753bf65e0803e8cbf20.jpg,1
803,train_data/56831e57739b44abaee49fe546ab2308.jpg,0
804,train_data/d8357c53ecc344069de257e86503ad19.jpg,1
805,train_data/58907e696b20498dbe6e1736fd2ec8e5.jpg,0
806,train_data/3580f0a4ddc049968720d6b60a81ad04.jpg,1
807,train_data/6346988af97b4aa38d027eb0b91c9a10.jpg,0
808,train_data/8c31779c42454c01a3d1890fcf21e8cf.jpg,1
809,train_data/e31f47bb322d42058332a244b901d39b.jpg,0
810,train_data/eafe266da390432aa3d12fa0afd47814.jpg,1
811,train_data/67019647356c44bd89bfe11f48504690.jpg,0
812,train_data/757adf511b1a46a5bb34ff522d0c7e70.jpg,1
813,train_data/b87ce1520deb4ce88e8b35dba164e0ab.jpg,0
814,train_data/acf0ff38939545c5838cdc4d0fe9bb9d.jpg,1
815,train_data/378958ca9f1b44118f1daff301c6a109.jpg,0
816,train_data/a5cbc6e5da44434ab3dcc00e1db7df69.jpg,1
817,train_data/f45215a0485f463783fa52efeea79659.jpg,0
818,train_data/d0a478a8b6e947e083821049fc8674d9.jpg,1
819,train_data/a790dd505ea047cf9498f4f35cc4ecbb.jpg,0
820,train_data/d2ac2bfb93984a5e8359ee887ea5a5d3.jpg,1
821,train_data/554729bfd22d4f39accfc440a719231f.jpg,0
822,train_data/6e062fcad05c448694dae0205d5a400e.jpg,1
823,train_data/61514cb31ffa46508d2e52983fe86fe4.jpg,0
824,train_data/bd6ecaa882e941f59fda2e69ff1dce3a.jpg,1
825,train_data/1cce8dfa5d1f4462abbf30f2cba8b421.jpg,0
826,train_data/5786fb090d7746d28111057a954a7527.jpg,1
827,train_data/30228f947baf47449a7a2e7c8400a9c5.jpg,0
828,train_data/504b4b081f2c442594fc418d328ef3ab.jpg,1
829,train_data/011b4184855b44ecbab5b4c3ffa8541c.jpg,0
830,train_data/9c8d19b29f914aac9543a258ce4ee821.jpg,1
831,train_data/15c2c7f48f5e469e981c9d874899a986.jpg,0
832,train_data/f996068e20df4b7d9ddc28d3142aa21a.jpg,1
833,train_data/b5a8766242dc42708f2cd496afa4c74a.jpg,0
834,train_data/6371fc36ed04418c83da9a1df482b47e.jpg,1
835,train_data/4c331bf863194378881b5b76635e672c.jpg,0
836,train_data/632dd6ceddc34ee08a3f8c4afa5318fe.jpg,1
837,train_data/68fb43b8b8d9413584229d5b7f7b97d3.jpg,0
838,train_data/f9b6bdfd193640b28784577ac56ef43c.jpg,1
839,train_data/d55c45ca684240e7aff7ecb2e0082d76.jpg,0
840,train_data/213ce9a6b47b478e831779ef27eff2b5.jpg,1
841,train_data/6d7551ffc64b4b83b617f5f62c932b7c.jpg,0
842,train_data/493b223749654645b2fbd1e050c32742.jpg,1
843,train_data/7251dfbc8c4a493e8ae1b55db94121e7.jpg,0
844,train_data/837d1204a2bf46be8cb8fb13472eaebc.jpg,1
845,train_data/8318aa73bbac47249e87edd2bf38b9d6.jpg,0
846,train_data/c988eb41d2e944f5808e8f360260d54e.jpg,1
847,train_data/bc8ee7fe384b438897303e989d826a29.jpg,0
848,train_data/e61dfe5d30ef44b28e9359ec4131d7bd.jpg,1
849,train_data/61d3cf75b78644a3a541204d6e48e8e0.jpg,0
850,train_data/6857cbca72c440a2bb4febbe28c4607b.jpg,1
851,train_data/b7630a831eef46c4a7bad8b90890646b.jpg,0
852,train_data/662628d4d84946aa8a1c30f034867071.jpg,1
853,train_data/c205d1b3411e42489664853c34f257ec.jpg,0
854,train_data/54cba2d8b4f345ca8ccbe8b8a82d7bb8.jpg,1
855,train_data/3ebff68565734918b26206011b9d6647.jpg,0
856,train_data/45815ced65984cc3992010f315c2155f.jpg,1
857,train_data/578189ad41ef4bb5b009256ffe4bc915.jpg,0
858,train_data/0afe0ca2a48e41c8abb556b478e0b388.jpg,1
859,train_data/ead3564d78434a0e82f21e149029710a.jpg,0
860,train_data/4453f8637d58488b99f970b2e8541f52.jpg,1
861,train_data/630af3a9772b4477a7075e73116a1d52.jpg,0
862,train_data/61a61234377c4e82a172fe2882b38805.jpg,1
863,train_data/75219e944ca740e6b3905d8dfffc73eb.jpg,0
864,train_data/7add73a4c52b4b6b816d6f4163e6257a.jpg,1
865,train_data/5d89e98c387b4d4a9a09817c6a507c05.jpg,0
866,train_data/d7314157947346f48d3a2992da619172.jpg,1
867,train_data/2358d4ed265348dfa01e9b862fa26899.jpg,0
868,train_data/d5b5154140ad46779ff338ba0b032194.jpg,1
869,train_data/4029651751864df0a7f423c6b070bd12.jpg,0
870,train_data/5f0b7f4f764f42b796493f27077c95da.jpg,1
871,train_data/f0c361c7376b4b4ab8f818b64a2b5f32.jpg,0
872,train_data/cac70a0d3c7d4b0697fc6837c6b8deaa.jpg,1
873,train_data/afc9f0dbf6d44556849b7c320e7b7fb8.jpg,0
874,train_data/c7f87020e0ac437e9bcc41042c82ce65.jpg,1
875,train_data/91ba82b97142499ab4c39d42c4cf4f16.jpg,0
876,train_data/5b0055eb5c99430d91a6ea773c42a520.jpg,1
877,train_data/b9b87ac2ff394b5e83101324927bb1d8.jpg,0
878,train_data/6349c848a80a4b599a6cc51fff882e6a.jpg,1
879,train_data/452583728486407e86d438a7aed40740.jpg,0
880,train_data/947a71be1e2e4cb085c4117d24f67e27.jpg,1
881,train_data/1e4f34a8afd04ed7b2e871b542a140a6.jpg,0
882,train_data/094e982a06d94aa2b8e073a638294509.jpg,1
883,train_data/b7c383711ba54af39ae759efedcf2b0b.jpg,0
884,train_data/ebc8bbc8190b4d74b957f8de37272de0.jpg,1
885,train_data/1fbbcf96f7524597ad0c350acd05715e.jpg,0
886,train_data/0d8cb0d0876b4ee7bce094cfc94d6d07.jpg,1
887,train_data/40900ddf77b745f4857f1310d7ab5ef0.jpg,0
888,train_data/10fd56b51e4d457b81752066ea992615.jpg,1
889,train_data/e7f92cdd7878489e87087297393b569c.jpg,0
890,train_data/12fff9b845c149b6830f9d83a20b72ae.jpg,1
891,train_data/73a1353b65bb408a91393d0978a2325e.jpg,0
892,train_data/20cce4142bf045af99cc43a04dbf4159.jpg,1
893,train_data/9cf73557ea164eb89187a87487811dc1.jpg,0
894,train_data/709f4a0c5a8b4d57abda8293dde26d9b.jpg,1
895,train_data/53127b272d78436b8e0230566f7b075c.jpg,0
896,train_data/e879aafb6d904e5eadf0152a5dde6525.jpg,1
897,train_data/8d283e0c36a04a8bb08aa2e7264964dc.jpg,0
898,train_data/fcf38fe48364473f9fb21c59e226f4b7.jpg,1
899,train_data/0d792aebda7f4a62a86d4cfea5368c19.jpg,0
900,train_data/3ca959a14a2a4d12bc6e35ed539dfe46.jpg,1
901,train_data/a6083b0ca5384df1ab165cd51593cf77.jpg,0
902,train_data/51a51d6027d143b1a46f91f63dd575f2.jpg,1
903,train_data/1d724b8170bf4d239627439ab3bf19f3.jpg,0
904,train_data/00829338e36f4d3d8336ff526bbfb73f.jpg,1
905,train_data/6967827fd5dd45169349c03bb16f5208.jpg,0
906,train_data/1334b7bd244c4295b7a625d0b1a127c9.jpg,1
907,train_data/1cffe21c3e9347cbbcb1d98c3289c788.jpg,0
908,train_data/634350a800f743b98869d7026565dbe7.jpg,1
909,train_data/088a146291554b3a951d333e8f66ab64.jpg,0
910,train_data/67c7ad556d624c648ac7894b65cea745.jpg,1
911,train_data/82cb853adf8249c6a3ea283f338a166e.jpg,0
912,train_data/d30ff441427d44e597f8ebfaaffe1d2b.jpg,1
913,train_data/59a4b378e5544a0a93299abbcff0ef12.jpg,0
914,train_data/1a2dc25fb9f74b3480dd3afcebe08ceb.jpg,1
915,train_data/172e6c6742704f8bb8d9ebc048cc3312.jpg,0
916,train_data/21d597c469624a2da61a3ed72e234098.jpg,1
917,train_data/aa8e18796320494a86226057299288c5.jpg,0
918,train_data/463c7beaf4954df5bb166a4485ddceb7.jpg,1
919,train_data/88d6ff6f66b54b50a169e8ed256857f3.jpg,0
920,train_data/1e9dc497998f4a049006a5fbeca4f859.jpg,1
921,train_data/d68c5878d6b74f27a85081fb0e9eadeb.jpg,0
922,train_data/d2c36f45cb7f4807904cbe451653855d.jpg,1
923,train_data/846167ce91e04be6afe16a0b8b4a8550.jpg,0
924,train_data/dfb6474198054c0795b586315c0d7e23.jpg,1
925,train_data/ce123a4c4a5e49a2abbd83f52f25079f.jpg,0
926,train_data/4ad5a6ef60e54f179e86bf5d6cc34960.jpg,1
927,train_data/76934dcf5f654f2389e43ec9a6e9f963.jpg,0
928,train_data/8e662ade78f14fa59f2ca6c81edbd996.jpg,1
929,train_data/7c8d2b75f9d641efb45d0d1ed484e948.jpg,0
930,train_data/dbf1fbeb12ee400ba1635e2109edb394.jpg,1
931,train_data/09554457a9634241b4f275029f3a99cc.jpg,0
932,train_data/1eff3c2e75b3480a97f6a6c97ff8a60c.jpg,1
933,train_data/78403ca493e845ae93bc673c5d1a48d5.jpg,0
934,train_data/d6c2163cb6b74ea5b95e73883ccaf677.jpg,1
935,train_data/78e92686e4124e3783d2f7ee6712122c.jpg,0
936,train_data/e7cc0badbc2d43438e23044aa4194bf1.jpg,1
937,train_data/fcb3d075d42f4ba48e8c5a798fa8fbec.jpg,0
938,train_data/cdb4c59ef2634dd098b9d9f5089dcd40.jpg,1
939,train_data/db3bedf6f86f495f9e2f2aad19eca02d.jpg,0
940,train_data/11fbccb69f6f4edb925e509ecdf6b2dc.jpg,1
941,train_data/4a84a07484c6409c951751d89f98a3cb.jpg,0
942,train_data/2d98b917f6c142cf9b2e67b80bf0d1e9.jpg,1
943,train_data/987fd23a0f6d4455972223ed93d1f78e.jpg,0
944,train_data/82d533143ca74df1a5523b760b1bef50.jpg,1
945,train_data/701e8340e6524f4c9ea07ee60b05430d.jpg,0
946,train_data/41e79a5e990744babb949cb031bf95f7.jpg,1
947,train_data/fb89d577daa64a81a1db4ff7ee7e6faf.jpg,0
948,train_data/c16a33d258644ee78d844054d9c55558.jpg,1
949,train_data/b03d94c92bf8410081cdd3b977bf4802.jpg,0
950,train_data/0b85e64101584bfe9a417996b83d6cf3.jpg,1
951,train_data/b2bb7e10b5ae415ba1e3986a7fd69a23.jpg,0
952,train_data/4f9b6412a6b245a0989fd47b7668e727.jpg,1
953,train_data/f42c9ac147ab4018b5a5f9756f5a2786.jpg,0
954,train_data/a096f71677df472e80661fa6e2c9f061.jpg,1
955,train_data/563cee216b054278aa92997a9101d994.jpg,0
956,train_data/c8b01b980b27459892db479ba9ffe643.jpg,1
957,train_data/6bc16eac0f354aa0aeca2cac58992f67.jpg,0
958,train_data/7e298637922444f8b905daf22b384109.jpg,1
959,train_data/19b5bdc19b2f46a892e978426ed484f4.jpg,0
960,train_data/3f60d2311edd46cfb1e6cc7f9e62d890.jpg,1
961,train_data/70c01992dd5241269d02e28391aeef30.jpg,0
962,train_data/da65f61e013147e2b182cb1a08975249.jpg,1
963,train_data/622998dbcc8041f7840c75afe7862ab4.jpg,0
964,train_data/89cea158da774f5e945cd6ae220b2df1.jpg,1
965,train_data/0819d7a375414666a0bd6e679f53344c.jpg,0
966,train_data/ace3af5687f0437f937827f2fee0a79e.jpg,1
967,train_data/63134e98645d4eabbd3a4b0484e1a563.jpg,0
968,train_data/b0135224a1874b5e912b613fb01a9443.jpg,1
969,train_data/0d8e373639f2468db1e6fe9188094889.jpg,0
970,train_data/3e59a862e9c945069f5f2f3ce6c9a806.jpg,1
971,train_data/24b6b983a7a54e5eae05da10a0f31041.jpg,0
972,train_data/5f28d7b625d24cf89ec2c66004acf763.jpg,1
973,train_data/32ae4523d13347a2b9f7bb1ec1429df7.jpg,0
974,train_data/a27f38fc294148da88704b6083b581d7.jpg,1
975,train_data/98567c255b44492e99f90595297e8336.jpg,0
976,train_data/b0960db531d243cea71725d9a68d5b0b.jpg,1
977,train_data/bcb3b72ff7734825a74be9abd86c39ff.jpg,0
978,train_data/28792098decc46e49240a6b154c4d1ee.jpg,1
979,train_data/5bb2e71a5a2748a08e38a2247be0060d.jpg,0
980,train_data/991197443ffa4daba4c648c12279716e.jpg,1
981,train_data/e25114803e2e4b69bf1c0ec3eef96142.jpg,0
982,train_data/b441d0973240408c89b4ac30bdae5e86.jpg,1
983,train_data/3199b0bd7e6342f6b8b5c9d867464b47.jpg,0
984,train_data/f289c03dec77476bbd6d4092413c37bb.jpg,1
985,train_data/6bf1e50e6d014c8f86a29a01718244a8.jpg,0
986,train_data/fd471591c3a54c168b9109e499327b3c.jpg,1
987,train_data/dcc8b038bbc34443a4bc1fd167fae835.jpg,0
988,train_data/b304e0398c9f4d7dbed96e7fef948b71.jpg,1
989,train_data/4662fe53fae7444fa696c09de5126930.jpg,0
990,train_data/00c0a101c8e747ac938920713c292ec0.jpg,1
991,train_data/1f5e99e45e334225b50713799178e773.jpg,0
992,train_data/18fbace704154cb1ad31b5bcec6218b1.jpg,1
993,train_data/ced42f7457b5418280ec01f465bb2c0a.jpg,0
994,train_data/59a981d3fdc645b9a2057126ce7ff185.jpg,1
995,train_data/cfd05d91e19a41d78a675048ee9edb09.jpg,0
996,train_data/aed5cb0ff4b14827b647fd1acbb53179.jpg,1
997,train_data/38248c02deda4528b2da77fa27ce2454.jpg,0
998,train_data/0a4154e30e964928bc6e071fe4dd2464.jpg,1
999,train_data/ee30eff81784425eb14dd83fbef77bf4.jpg,0
